InvoiceID,CustomerID,ProductCode,ProductName,Quantity,UnitPrice,InvoiceDate,Country
1,CUST2824,SKU416,HDMI Cable,7,147.35,2023-06-07,Sweden
2,CUST1409,SKU907,Mouse Pad,3,395.07,2023-08-04,Germany
3,CUST5506,SKU551,Laptop Stand,8,188.86,2023-06-19,Spain
4,CUST5012,SKU134,Mechanical Keyboard,6,466.71,2023-07-10,Switzerland
5,CUST4657,SKU693,Screen Protector,8,107.9,2023-05-14,Spain
6,CUST3286,SKU473,HDMI Cable,1,498.66,2023-10-27,EIRE
7,CUST2679,SKU849,USB Hub,6,98.16,2023-05-31,Japan
8,CUST9935,SKU234,Bluetooth Speaker,10,386.13,2023-08-26,France
9,CUST2424,SKU192,Gaming Headset,7,23.19,2023-03-02,Australia
10,CUST7912,SKU402,Phone Charger,5,366.33,2023-08-29,Sweden
11,CUST1520,SKU434,Phone Charger,1,472.06,2023-01-28,Australia
12,CUST1488,SKU865,USB-C Cable,2,112.73,2023-11-21,Netherlands
13,CUST2535,SKU525,Monitor 24 inch,7,400.87,2023-10-26,Netherlands
14,CUST4582,SKU279,Webcam HD,6,417.33,2023-10-25,Spain
15,CUST4811,SKU305,Webcam HD,9,43.89,2023-11-14,Netherlands
16,CUST9279,SKU235,Mechanical Keyboard,3,425.42,2023-02-06,United Kingdom
17,CUST1434,SKU905,USB-C Cable,1,399.57,2023-08-30,EIRE
18,CUST4257,SKU652,Wireless Mouse,3,339.76,2023-04-10,EIRE
19,CUST9928,SKU997,Monitor 24 inch,10,78.2,2023-09-14,United Kingdom
20,CUST7873,SKU474,Mouse Pad,8,158.39,2023-03-03,Germany
21,CUST4611,SKU643,Cooling Pad,1,133.81,2023-12-15,Netherlands
22,CUST8359,SKU613,Bluetooth Speaker,3,85.53,2023-07-15,Switzerland
23,CUST5557,SKU379,Mouse Pad,2,217.33,2023-09-29,Germany
24,CUST1106,SKU950,HDMI Cable,4,194.73,2023-06-02,Netherlands
25,CUST3615,SKU268,Webcam HD,6,230.04,2023-07-31,United Kingdom
26,CUST7924,SKU363,Cooling Pad,6,302.99,2023-01-28,Japan
27,CUST6574,SKU944,Mechanical Keyboard,7,295.3,2023-03-19,Sweden
28,CUST5552,SKU593,Phone Charger,10,271.84,2023-03-12,Switzerland
29,CUST3547,SKU925,USB-C Cable,1,462.51,2023-04-13,Spain
30,CUST4527,SKU402,Mechanical Keyboard,10,436.12,2023-06-25,Japan
31,CUST6514,SKU864,Gaming Headset,3,214.97,2023-07-29,Japan
32,CUST2674,SKU991,Bluetooth Speaker,8,28.01,2023-10-19,France
33,CUST2519,SKU446,Phone Charger,6,484.53,2023-08-23,United Kingdom
34,CUST7224,SKU923,Phone Charger,6,353.8,2023-03-15,Australia
35,CUST2584,SKU217,Wireless Mouse,8,408.03,2023-06-11,Germany
36,CUST6881,SKU579,Bluetooth Speaker,2,300.97,2023-04-03,Japan
37,CUST6635,SKU177,Desk Lamp,10,458.06,2023-02-11,Netherlands
38,CUST5333,SKU244,Mouse Pad,3,63.59,2023-09-07,United Kingdom
39,CUST1711,SKU872,Mouse Pad,9,131.63,2023-06-20,Germany
40,CUST8527,SKU331,Desk Lamp,6,335.7,2023-11-20,Switzerland
41,CUST9785,SKU980,USB-C Cable,7,91.51,2023-04-01,Netherlands
42,CUST3045,SKU792,USB-C Cable,6,310.21,2023-06-10,Switzerland
43,CUST7201,SKU841,Gaming Headset,5,285.98,2023-11-21,United Kingdom
44,CUST2291,SKU790,HDMI Cable,4,326.07,2023-01-30,Australia
45,CUST5803,SKU506,Mechanical Keyboard,2,326.9,2023-01-03,Spain
46,CUST6925,SKU966,Bluetooth Speaker,1,483.74,2023-08-20,Sweden
47,CUST4150,SKU923,Phone Charger,3,172.48,2023-05-21,Australia
48,CUST2139,SKU670,Mouse Pad,8,400.15,2023-04-18,United Kingdom
49,CUST1750,SKU474,Cooling Pad,9,61.91,2023-03-28,Japan
50,CUST4733,SKU192,Wireless Mouse,7,58.32,2023-10-23,France
51,CUST5741,SKU909,Bluetooth Speaker,,118.78,2023-03-23,Spain
52,CUST2307,SKU504,Desk Lamp,2,375.96,2023-09-08,United Kingdom
53,CUST4814,SKU114,HDMI Cable,5,283.42,2023-02-15,Netherlands
54,CUST2654,SKU370,HDMI Cable,5,346.96,2023-03-08,France
55,CUST7227,SKU649,Webcam HD,8,118.31,2023-11-11,Netherlands
56,CUST5554,SKU226,Mouse Pad,4,193.32,2023-08-11,Germany
57,CUST8428,SKU565,Webcam HD,10,236.9,2023-11-21,Spain
58,CUST6977,SKU477,USB Hub,5,342.98,2023-08-08,Netherlands
59,CUST3664,SKU788,Cooling Pad,8,348.31,2023-07-26,Netherlands
60,CUST7065,SKU866,Wireless Mouse,4,83.87,2023-08-08,Germany
61,CUST6820,SKU788,Screen Protector,2,498.87,2023-09-02,Spain
62,CUST4432,SKU368,Mouse Pad,3,246.56,2023-07-16,Sweden
63,CUST5374,SKU698,Webcam HD,2,154.76,2023-01-03,Germany
64,CUST2169,SKU490,Monitor 24 inch,8,461.07,2023-01-20,Germany
65,CUST3803,SKU942,Desk Lamp,3,52.07,2023-10-01,Spain
66,CUST9751,SKU753,Gaming Headset,8,417.35,2023-04-13,Germany
67,CUST5010,SKU480,Desk Lamp,2,367.77,2023-07-11,Japan
68,CUST3677,SKU210,Desk Lamp,6,180.68,2023-01-08,EIRE
69,CUST8573,SKU791,Webcam HD,6,178.1,2023-06-14,Spain
70,CUST7216,SKU339,USB Hub,2,394.29,2023-09-29,Spain
71,CUST5422,SKU582,Phone Charger,9,265.35,2023-04-08,Sweden
72,CUST4598,SKU125,Desk Lamp,9,180.67,2023-01-10,Netherlands
73,CUST6313,SKU734,Screen Protector,5,57.84,2023-12-13,Japan
74,CUST1916,SKU674,Bluetooth Speaker,5,363.78,2023-01-03,Australia
75,CUST4752,SKU435,Desk Lamp,3,231.7,2023-11-17,Switzerland
76,CUST1525,SKU724,Cooling Pad,3,42.92,2023-05-08,Sweden
77,CUST6168,SKU326,Screen Protector,6,31.89,2023-04-26,Netherlands
78,CUST7572,SKU763,Phone Charger,9,358.28,2023-12-22,EIRE
79,CUST5386,SKU164,USB-C Cable,4,21.07,2023-06-26,EIRE
80,CUST2084,SKU750,Webcam HD,2,178.11,2023-06-09,Spain
81,CUST4456,SKU943,Mechanical Keyboard,4,63.59,2023-03-08,Sweden
82,CUST6155,SKU575,Laptop Stand,3,402.02,2023-02-22,Spain
83,CUST4483,SKU817,Gaming Headset,4,465.66,2023-07-16,Australia
84,CUST9179,SKU409,Desk Lamp,8,372.84,2023-09-15,EIRE
85,CUST7482,SKU764,Monitor 24 inch,1,262.84,2023-10-29,Spain
86,CUST8517,SKU518,Bluetooth Speaker,6,280.44,2023-06-06,Japan
87,CUST3340,SKU219,Cooling Pad,9,172.18,2023-03-27,Switzerland
88,CUST5339,SKU243,USB-C Cable,10,218.92,2023-02-03,Australia
89,CUST3287,SKU146,Laptop Stand,6,236.41,2023-01-24,Australia
90,CUST5040,SKU138,Phone Charger,8,400.9,2023-06-02,Spain
91,CUST9830,SKU411,Bluetooth Speaker,9,318.58,2023-05-29,Australia
92,CUST5304,SKU604,Mouse Pad,3,101.33,2023-08-22,Australia
93,CUST8019,SKU218,Webcam HD,10,332.08,2023-09-24,Sweden
94,CUST7543,SKU199,Laptop Stand,2,203.84,2023-11-02,Sweden
95,CUST6930,SKU340,Monitor 24 inch,2,371.32,2023-09-26,Australia
96,CUST4593,SKU650,Wireless Mouse,5,442.72,2023-06-22,Japan
97,CUST3266,SKU238,Screen Protector,7,230.29,2023-08-11,Germany
98,CUST9348,SKU497,Screen Protector,8,220.48,2023-12-18,Japan
99,CUST9085,SKU564,Desk Lamp,9,12.18,2023-03-10,Spain
100,CUST2489,SKU479,Wireless Mouse,7,115.25,2023-06-25,Germany
101,CUST1771,SKU786,Phone Charger,7,invalid,2023-09-08,Sweden
102,CUST2796,SKU860,Mouse Pad,10,354.84,2023-07-03,Spain
103,CUST3504,SKU813,USB-C Cable,2,400.04,2023-04-07,France
104,CUST3621,SKU653,Mouse Pad,3,292.9,2023-03-26,Australia
105,CUST7916,SKU529,Wireless Mouse,6,401.76,2023-07-26,Switzerland
106,CUST2040,SKU701,Webcam HD,2,273.08,2023-01-10,Switzerland
107,CUST7304,SKU860,HDMI Cable,8,189.24,2023-04-27,Sweden
108,CUST7252,SKU844,Monitor 24 inch,8,106.57,2023-04-25,United Kingdom
109,CUST8668,SKU258,Screen Protector,9,65.84,2023-03-09,United Kingdom
110,CUST9669,SKU524,Desk Lamp,6,338.64,2023-04-19,France
111,CUST5119,SKU770,USB Hub,3,249.85,2023-01-12,Japan
112,CUST1188,SKU201,Webcam HD,9,483.3,2023-10-29,United Kingdom
113,CUST2876,SKU953,USB Hub,10,163.57,2023-09-16,Spain
114,CUST9797,SKU601,USB-C Cable,3,200.43,2023-03-28,EIRE
115,CUST5371,SKU730,Mechanical Keyboard,3,202.35,2023-03-05,France
116,CUST6573,SKU517,Webcam HD,7,65.97,2023-07-07,United Kingdom
117,CUST2827,SKU386,HDMI Cable,9,182.47,2023-12-31,France
118,CUST5808,SKU133,Phone Charger,1,234.35,2023-11-30,Germany
119,CUST8123,SKU806,Laptop Stand,2,94.54,2023-01-20,Germany
120,CUST3591,SKU479,Laptop Stand,9,340.06,2023-07-12,Australia
121,CUST8433,SKU322,Cooling Pad,3,402.3,2023-11-24,United Kingdom
122,CUST1053,SKU554,Mouse Pad,5,460.15,2023-05-11,France
123,CUST5315,SKU555,Webcam HD,3,299.18,2023-10-01,Spain
124,CUST9201,SKU341,Phone Charger,3,339.33,2023-11-16,Spain
125,CUST3927,SKU975,USB Hub,6,163.46,2023-01-25,Spain
126,CUST9317,SKU471,Phone Charger,4,126.9,2023-11-01,Japan
127,CUST2743,SKU201,Laptop Stand,6,67.3,2023-01-25,Japan
128,CUST5889,SKU802,HDMI Cable,9,192.92,2023-12-05,EIRE
129,CUST9317,SKU476,Webcam HD,5,79.27,2023-02-25,Netherlands
130,CUST4258,SKU657,Desk Lamp,2,200.35,2023-12-01,United Kingdom
131,CUST3504,SKU760,Monitor 24 inch,5,302.25,2023-01-11,Switzerland
132,CUST7126,SKU467,Webcam HD,4,291.65,2023-01-25,Australia
133,CUST3646,SKU162,Mouse Pad,9,217.29,2023-12-20,EIRE
134,CUST9837,SKU507,Desk Lamp,5,248.47,2023-03-01,EIRE
135,CUST9689,SKU382,Mouse Pad,3,273.32,2023-08-02,France
136,CUST1009,SKU294,Gaming Headset,5,460.39,2023-08-16,Australia
137,CUST6310,SKU225,Mechanical Keyboard,10,466.04,2023-07-14,Japan
138,CUST9005,SKU968,USB Hub,9,94.89,2023-03-05,Germany
139,CUST1319,SKU943,Mouse Pad,2,91.76,2023-10-08,Germany
140,CUST2832,SKU565,Mouse Pad,9,151.53,2023-05-10,France
141,CUST6947,SKU193,Gaming Headset,3,101.68,2023-08-31,France
142,CUST6038,SKU778,Laptop Stand,10,422.57,2023-12-26,Netherlands
143,CUST4923,SKU317,Laptop Stand,10,313.51,2023-03-20,Japan
144,CUST1949,SKU757,Phone Charger,3,434.11,2023-04-16,Sweden
145,CUST4946,SKU754,USB Hub,3,476.4,2023-12-22,Japan
146,CUST2290,SKU711,Desk Lamp,10,247.46,2023-12-18,Germany
147,CUST2403,SKU121,Screen Protector,10,105.61,2023-11-19,Netherlands
148,CUST8962,SKU151,Webcam HD,6,198.13,2023-01-05,Australia
149,CUST2133,SKU905,Screen Protector,10,285.18,2023-06-04,Switzerland
150,CUST9727,SKU441,Mechanical Keyboard,1,330.0,2023-08-04,EIRE
151,CUST3060,SKU349,,1,210.48,2023-12-05,Switzerland
152,CUST3103,SKU228,Cooling Pad,2,250.95,2023-02-21,Japan
153,CUST8787,SKU905,HDMI Cable,1,357.97,2023-12-06,Netherlands
154,CUST3705,SKU678,USB-C Cable,10,227.49,2023-09-24,Japan
155,CUST5342,SKU310,Screen Protector,5,91.95,2023-05-19,France
156,CUST9645,SKU170,Monitor 24 inch,4,287.04,2023-11-15,United Kingdom
157,CUST7932,SKU949,Gaming Headset,10,399.98,2023-11-07,Japan
158,CUST4470,SKU883,Desk Lamp,7,118.06,2023-12-25,Sweden
159,CUST9835,SKU667,Screen Protector,10,26.02,2023-03-12,Netherlands
160,CUST4295,SKU312,Mechanical Keyboard,1,120.17,2023-08-03,United Kingdom
161,CUST6107,SKU700,USB-C Cable,8,151.45,2023-02-23,Australia
162,CUST7537,SKU321,Monitor 24 inch,9,392.56,2023-09-19,Australia
163,CUST7118,SKU932,Mouse Pad,5,287.17,2023-11-13,Sweden
164,CUST8177,SKU990,Webcam HD,5,388.55,2023-03-02,Sweden
165,CUST9479,SKU338,Desk Lamp,8,252.7,2023-05-25,Netherlands
166,CUST8397,SKU436,USB Hub,4,260.29,2023-02-28,Germany
167,CUST2982,SKU892,Desk Lamp,7,290.63,2023-02-24,Japan
168,CUST5061,SKU251,Mouse Pad,5,141.27,2023-09-12,United Kingdom
169,CUST4681,SKU907,Phone Charger,8,276.12,2023-04-12,Sweden
170,CUST2049,SKU710,Screen Protector,2,495.54,2023-11-08,United Kingdom
171,CUST6539,SKU102,HDMI Cable,1,275.6,2023-04-13,France
172,CUST1344,SKU383,Screen Protector,3,380.83,2023-05-15,Spain
173,CUST4770,SKU979,Wireless Mouse,8,382.4,2023-09-25,United Kingdom
174,CUST4608,SKU248,Mechanical Keyboard,7,226.27,2023-04-14,Australia
175,CUST1117,SKU233,Webcam HD,8,117.09,2023-07-03,Spain
176,CUST2163,SKU653,HDMI Cable,8,218.33,2023-12-27,Japan
177,CUST1964,SKU356,Wireless Mouse,4,370.63,2023-07-29,EIRE
178,CUST4750,SKU917,Desk Lamp,6,330.3,2023-06-01,Australia
179,CUST2104,SKU278,USB-C Cable,10,131.29,2023-03-24,Spain
180,CUST1514,SKU212,Cooling Pad,3,438.66,2023-01-21,Germany
181,CUST6413,SKU776,Mechanical Keyboard,6,25.79,2023-10-08,EIRE
182,CUST2160,SKU987,Gaming Headset,6,138.78,2023-09-12,United Kingdom
183,CUST9423,SKU126,Bluetooth Speaker,6,432.48,2023-04-17,Sweden
184,CUST4899,SKU234,Phone Charger,7,52.62,2023-12-19,Switzerland
185,CUST5562,SKU115,Webcam HD,3,433.99,2023-09-04,Japan
186,CUST8953,SKU466,USB-C Cable,6,67.52,2023-06-19,Japan
187,CUST4510,SKU908,USB-C Cable,9,407.83,2023-05-01,Spain
188,CUST9834,SKU907,Laptop Stand,9,112.84,2023-01-02,Netherlands
189,CUST3167,SKU343,Monitor 24 inch,2,371.43,2023-01-07,Germany
190,CUST8744,SKU702,USB Hub,6,347.68,2023-12-10,Sweden
191,CUST4981,SKU431,USB-C Cable,4,431.91,2023-02-15,France
192,CUST8749,SKU116,Phone Charger,8,309.03,2023-02-26,Sweden
193,CUST7669,SKU278,Wireless Mouse,2,219.8,2023-10-21,EIRE
194,CUST4119,SKU371,Screen Protector,5,311.91,2023-12-09,EIRE
195,CUST2545,SKU153,Webcam HD,8,394.58,2023-09-10,Australia
196,CUST2588,SKU229,Bluetooth Speaker,4,408.63,2023-03-18,Netherlands
197,CUST8062,SKU859,Webcam HD,3,404.67,2023-02-16,Switzerland
198,CUST6804,SKU531,Phone Charger,2,289.34,2023-09-19,Japan
199,CUST7939,SKU638,HDMI Cable,1,270.82,2023-02-08,United Kingdom
200,CUST7735,SKU216,Mouse Pad,5,302.46,2023-02-21,Spain
201,CUST8651,SKU863,Laptop Stand,7,92.5,2023-05-12,
202,CUST1887,SKU165,Screen Protector,10,489.71,2023-11-26,France
203,CUST2612,SKU587,Phone Charger,7,153.39,2023-04-29,Netherlands
204,CUST1993,SKU559,Wireless Mouse,4,290.64,2023-08-22,Sweden
205,CUST7596,SKU896,Desk Lamp,3,476.67,2023-06-01,Spain
206,CUST6559,SKU470,Cooling Pad,6,262.06,2023-05-16,Sweden
207,CUST2790,SKU625,Mechanical Keyboard,10,451.08,2023-08-26,EIRE
208,CUST5073,SKU707,HDMI Cable,6,409.44,2023-01-26,EIRE
209,CUST4139,SKU211,Gaming Headset,4,76.44,2023-02-21,Switzerland
210,CUST4116,SKU562,Gaming Headset,3,377.55,2023-03-31,Spain
211,CUST9786,SKU615,Wireless Mouse,8,211.68,2023-01-21,Germany
212,CUST8350,SKU326,Monitor 24 inch,9,39.05,2023-05-29,Switzerland
213,CUST3296,SKU729,Cooling Pad,8,145.89,2023-07-04,Sweden
214,CUST7912,SKU144,HDMI Cable,8,331.39,2023-12-13,Japan
215,CUST4006,SKU844,Bluetooth Speaker,5,353.7,2023-06-10,Germany
216,CUST5563,SKU902,Desk Lamp,8,75.02,2023-08-07,Spain
217,CUST8579,SKU987,Mouse Pad,1,81.66,2023-03-01,Japan
218,CUST5092,SKU774,Laptop Stand,2,167.83,2023-02-18,Spain
219,CUST2235,SKU633,Monitor 24 inch,7,131.3,2023-01-24,Germany
220,CUST8260,SKU408,Wireless Mouse,9,423.34,2023-01-05,Germany
221,CUST2604,SKU569,Desk Lamp,8,202.42,2023-03-12,Netherlands
222,CUST1828,SKU758,Phone Charger,4,79.66,2023-12-06,France
223,CUST9856,SKU131,Mouse Pad,4,319.88,2023-11-28,Sweden
224,CUST1241,SKU162,Mouse Pad,10,317.63,2023-03-29,Australia
225,CUST2528,SKU590,Screen Protector,6,193.83,2023-06-18,Japan
226,CUST4872,SKU967,Monitor 24 inch,1,47.0,2023-07-03,Netherlands
227,CUST3724,SKU511,Phone Charger,1,399.35,2023-08-13,Netherlands
228,CUST7658,SKU536,Mechanical Keyboard,5,386.75,2023-11-15,Sweden
229,CUST8956,SKU802,HDMI Cable,8,207.4,2023-05-18,Sweden
230,CUST8886,SKU210,Wireless Mouse,10,377.4,2023-02-17,Australia
231,CUST4502,SKU602,USB Hub,8,350.4,2023-07-10,Australia
232,CUST7570,SKU829,Monitor 24 inch,5,439.89,2023-06-25,Germany
233,CUST1960,SKU554,HDMI Cable,9,232.8,2023-04-04,Australia
234,CUST3697,SKU175,Wireless Mouse,1,249.14,2023-02-28,Australia
235,CUST7209,SKU182,Mechanical Keyboard,2,295.16,2023-07-25,Japan
236,CUST1035,SKU429,USB-C Cable,7,435.76,2023-07-24,United Kingdom
237,CUST7396,SKU722,Laptop Stand,3,425.11,2023-08-22,France
238,CUST5345,SKU251,Desk Lamp,5,55.64,2023-05-20,EIRE
239,CUST8454,SKU167,Webcam HD,6,486.35,2023-07-17,Australia
240,CUST5673,SKU229,USB Hub,7,321.07,2023-12-20,Japan
241,CUST7930,SKU381,HDMI Cable,6,351.67,2023-09-02,Switzerland
242,CUST8973,SKU739,Webcam HD,1,426.55,2023-08-04,Japan
243,CUST3536,SKU748,Webcam HD,7,399.88,2023-11-29,EIRE
244,CUST4111,SKU699,Phone Charger,1,204.88,2023-03-27,Switzerland
245,CUST5861,SKU661,Monitor 24 inch,10,484.38,2023-02-27,United Kingdom
246,CUST4566,SKU829,Mouse Pad,9,414.18,2023-03-09,Germany
247,CUST1958,SKU432,Wireless Mouse,4,252.41,2023-12-23,Germany
248,CUST9883,SKU490,Screen Protector,6,168.2,2023-01-31,Australia
249,CUST1998,SKU711,Screen Protector,9,148.96,2023-03-23,EIRE
250,CUST6138,SKU643,USB-C Cable,5,278.18,2023-02-23,Netherlands
251,CUST1936,SKU401,Bluetooth Speaker,-5,73.99,2023-08-02,Netherlands
252,CUST1821,SKU564,USB-C Cable,7,427.69,2023-10-30,United Kingdom
253,CUST8811,SKU617,Mouse Pad,9,396.27,2023-09-05,Germany
254,CUST9238,SKU719,Laptop Stand,8,448.14,2023-10-19,Japan
255,CUST9701,SKU540,Screen Protector,9,383.5,2023-12-14,EIRE
256,CUST3579,SKU201,Cooling Pad,5,32.51,2023-08-13,France
257,CUST1931,SKU912,Mouse Pad,10,316.83,2023-04-03,United Kingdom
258,CUST9320,SKU818,Bluetooth Speaker,10,419.98,2023-11-09,Australia
259,CUST2312,SKU217,Phone Charger,2,17.98,2023-07-14,Netherlands
260,CUST4044,SKU973,USB Hub,3,465.42,2023-07-03,France
261,CUST2122,SKU770,USB Hub,2,87.41,2023-11-10,Switzerland
262,CUST2113,SKU766,Cooling Pad,7,233.69,2023-01-15,Switzerland
263,CUST4853,SKU998,Laptop Stand,6,496.0,2023-12-17,United Kingdom
264,CUST7615,SKU887,Monitor 24 inch,6,219.62,2023-03-08,Australia
265,CUST2964,SKU664,Phone Charger,9,497.89,2023-09-05,Germany
266,CUST5033,SKU838,Monitor 24 inch,6,455.61,2023-09-07,Spain
267,CUST1651,SKU986,Gaming Headset,3,442.25,2023-02-27,Germany
268,CUST2343,SKU320,Bluetooth Speaker,4,157.91,2023-07-30,Germany
269,CUST7868,SKU540,Webcam HD,10,438.47,2023-08-14,Spain
270,CUST9565,SKU562,Phone Charger,9,439.53,2023-01-24,Spain
271,CUST6183,SKU333,Wireless Mouse,7,55.74,2023-02-02,France
272,CUST5272,SKU523,Laptop Stand,9,186.61,2023-05-14,Spain
273,CUST4346,SKU447,Mechanical Keyboard,1,50.39,2023-12-02,Switzerland
274,CUST6147,SKU947,Webcam HD,1,335.61,2023-06-10,Japan
275,CUST4910,SKU564,Mouse Pad,1,327.97,2023-01-07,EIRE
276,CUST5351,SKU508,USB-C Cable,3,35.38,2023-12-27,United Kingdom
277,CUST7484,SKU525,Mouse Pad,6,316.55,2023-12-14,Sweden
278,CUST3144,SKU847,USB-C Cable,8,365.73,2023-09-26,Japan
279,CUST5915,SKU197,Mouse Pad,9,380.06,2023-10-23,Spain
280,CUST8491,SKU420,Laptop Stand,8,220.32,2023-10-17,United Kingdom
281,CUST6180,SKU537,USB Hub,3,54.69,2023-04-25,France
282,CUST2188,SKU420,USB-C Cable,10,56.64,2023-12-09,EIRE
283,CUST1152,SKU781,Desk Lamp,9,114.58,2023-06-23,United Kingdom
284,CUST8508,SKU361,Mouse Pad,3,48.19,2023-09-23,France
285,CUST2638,SKU483,Laptop Stand,6,300.9,2023-09-25,Germany
286,CUST2200,SKU256,Bluetooth Speaker,10,264.53,2023-12-19,Japan
287,CUST9808,SKU803,Mouse Pad,6,228.08,2023-12-25,France
288,CUST4492,SKU585,Cooling Pad,3,13.95,2023-11-13,United Kingdom
289,CUST9288,SKU168,Desk Lamp,7,178.35,2023-02-18,Switzerland
290,CUST5345,SKU193,Phone Charger,10,69.09,2023-08-10,United Kingdom
291,CUST3170,SKU951,Laptop Stand,5,431.57,2023-12-05,Netherlands
292,CUST6718,SKU187,Screen Protector,10,350.08,2023-05-08,Sweden
293,CUST2127,SKU195,Gaming Headset,6,244.07,2023-09-04,France
294,CUST5002,SKU542,Webcam HD,9,122.18,2023-06-27,Australia
295,CUST7054,SKU198,Phone Charger,9,53.77,2023-12-06,Netherlands
296,CUST5669,SKU862,Gaming Headset,9,404.92,2023-12-13,United Kingdom
297,CUST3584,SKU856,Desk Lamp,8,60.57,2023-11-25,France
298,CUST8179,SKU481,Monitor 24 inch,10,190.11,2023-07-17,Sweden
299,CUST9900,SKU931,Desk Lamp,5,156.64,2023-03-18,Germany
300,CUST5956,SKU233,USB Hub,8,197.53,2023-10-13,Sweden
301,CUST9666,SKU669,Desk Lamp,1,408.55,2023-11-10,Spain
302,CUST1128,SKU161,Gaming Headset,6,438.5,2023-01-28,Netherlands
303,CUST5905,SKU700,HDMI Cable,6,324.37,2023-01-06,Australia
304,CUST2697,SKU675,Gaming Headset,2,341.8,2023-11-26,Switzerland
305,CUST3200,SKU675,Bluetooth Speaker,7,43.52,2023-03-22,Japan
306,CUST5333,SKU437,Phone Charger,10,286.01,2023-09-16,Spain
307,CUST2891,SKU786,Cooling Pad,5,309.06,2023-08-29,Netherlands
308,CUST2753,SKU225,Wireless Mouse,1,90.42,2023-09-11,EIRE
309,CUST3546,SKU520,Gaming Headset,10,182.08,2023-03-26,Germany
310,CUST5462,SKU462,USB-C Cable,8,114.4,2023-02-08,Spain
311,CUST5616,SKU994,Laptop Stand,5,376.65,2023-09-09,Switzerland
312,CUST4450,SKU781,USB-C Cable,10,460.75,2023-06-14,Spain
313,CUST6617,SKU868,Webcam HD,10,311.88,2023-05-04,United Kingdom
314,CUST4335,SKU533,HDMI Cable,4,226.77,2023-06-19,United Kingdom
315,CUST5325,SKU988,Desk Lamp,1,116.45,2023-05-23,Germany
316,CUST9280,SKU838,Monitor 24 inch,10,449.33,2023-01-26,Spain
317,CUST9004,SKU152,HDMI Cable,8,78.61,2023-09-17,France
318,CUST5114,SKU394,Screen Protector,3,70.35,2023-04-25,Australia
319,CUST1832,SKU714,Monitor 24 inch,9,367.7,2023-10-09,Switzerland
320,CUST2512,SKU419,Desk Lamp,10,182.25,2023-11-26,Sweden
321,CUST7939,SKU460,USB Hub,7,220.4,2023-07-13,EIRE
322,CUST5533,SKU206,Webcam HD,3,397.63,2023-07-26,United Kingdom
323,CUST1722,SKU691,USB Hub,4,131.42,2023-05-01,Australia
324,CUST1058,SKU619,Mouse Pad,1,325.86,2023-02-10,Australia
325,CUST6464,SKU317,Mouse Pad,10,131.6,2023-08-24,Australia
326,CUST3143,SKU258,Wireless Mouse,2,304.49,2023-08-16,France
327,CUST5291,SKU772,Screen Protector,4,363.38,2023-10-21,Germany
328,CUST3647,SKU593,Cooling Pad,1,149.61,2023-08-18,Spain
329,CUST8239,SKU329,Laptop Stand,8,471.23,2023-02-15,France
330,CUST8007,SKU967,Monitor 24 inch,6,23.14,2023-09-13,United Kingdom
331,CUST1158,SKU210,Laptop Stand,7,425.06,2023-08-17,France
332,CUST2832,SKU458,USB-C Cable,3,439.16,2023-06-11,Sweden
333,CUST2232,SKU965,Webcam HD,7,110.67,2023-03-02,United Kingdom
334,CUST3442,SKU669,HDMI Cable,4,307.39,2023-09-12,Spain
335,CUST9938,SKU476,Screen Protector,7,102.44,2023-12-01,France
336,CUST1590,SKU217,Cooling Pad,9,201.96,2023-01-10,Germany
337,CUST7049,SKU880,USB Hub,10,326.62,2023-02-22,EIRE
338,CUST3426,SKU385,USB-C Cable,8,394.06,2023-07-26,Australia
339,CUST8041,SKU687,Mouse Pad,1,398.95,2023-07-31,Sweden
340,CUST3088,SKU331,Bluetooth Speaker,3,127.28,2023-01-19,EIRE
341,CUST1685,SKU926,Mechanical Keyboard,9,199.08,2023-10-13,Netherlands
342,CUST6050,SKU539,Gaming Headset,4,128.13,2023-10-09,Sweden
343,CUST6974,SKU965,USB Hub,9,322.66,2023-01-01,Spain
344,CUST1653,SKU674,USB Hub,6,44.8,2023-02-16,Japan
345,CUST6862,SKU885,Monitor 24 inch,8,445.48,2023-11-06,Germany
346,CUST4441,SKU938,Bluetooth Speaker,9,15.91,2023-11-13,Sweden
347,CUST5088,SKU736,Phone Charger,7,186.94,2023-11-23,Germany
348,CUST2684,SKU728,Laptop Stand,6,165.07,2023-06-05,Japan
349,CUST6794,SKU791,Mechanical Keyboard,3,199.55,2023-09-18,EIRE
350,CUST7658,SKU758,Screen Protector,8,421.1,2023-10-15,Sweden
351,CUST3532,SKU670,HDMI Cable,9,216.22,2023-04-16,France
352,CUST4878,SKU126,Bluetooth Speaker,6,277.71,2023-12-02,Japan
353,CUST3662,SKU723,Bluetooth Speaker,9,94.66,2023-12-10,Australia
354,CUST3900,SKU773,Monitor 24 inch,6,240.8,2023-08-22,Switzerland
355,CUST7755,SKU949,Gaming Headset,5,493.81,2023-06-24,Spain
356,CUST1406,SKU810,Screen Protector,10,45.77,2023-07-06,EIRE
357,CUST3938,SKU373,Monitor 24 inch,8,297.81,2023-01-28,Germany
358,CUST6442,SKU129,Monitor 24 inch,4,16.76,2023-04-25,EIRE
359,CUST7745,SKU284,Screen Protector,4,115.71,2023-08-21,Japan
360,CUST5065,SKU379,Monitor 24 inch,5,462.06,2023-06-19,Spain
361,CUST5371,SKU819,Cooling Pad,9,474.85,2023-10-14,Germany
362,CUST3608,SKU880,Laptop Stand,5,205.01,2023-11-14,EIRE
363,CUST2771,SKU416,Monitor 24 inch,4,150.38,2023-11-04,France
364,CUST7267,SKU447,Monitor 24 inch,5,359.19,2023-08-31,Spain
365,CUST1634,SKU459,Monitor 24 inch,5,385.88,2023-12-03,EIRE
366,CUST8711,SKU106,Cooling Pad,4,217.55,2023-07-06,Sweden
367,CUST4644,SKU285,Monitor 24 inch,8,207.12,2023-08-20,EIRE
368,CUST4269,SKU990,Cooling Pad,6,323.86,2023-02-28,Japan
369,CUST8541,SKU246,Phone Charger,8,273.45,2023-02-19,EIRE
370,CUST6728,SKU679,USB Hub,6,84.81,2023-12-04,Australia
371,CUST6000,SKU773,Mechanical Keyboard,9,50.96,2023-04-24,Netherlands
372,CUST4728,SKU510,Desk Lamp,5,48.72,2023-01-02,Spain
373,CUST4652,SKU171,USB-C Cable,5,461.25,2023-06-24,Spain
374,CUST1387,SKU245,USB-C Cable,2,487.41,2023-07-01,Netherlands
375,CUST4164,SKU858,Bluetooth Speaker,10,86.13,2023-11-21,EIRE
376,CUST7528,SKU748,USB-C Cable,9,170.11,2023-05-30,Australia
377,CUST6378,SKU131,HDMI Cable,7,297.35,2023-10-08,EIRE
378,CUST5564,SKU193,HDMI Cable,7,383.98,2023-09-25,United Kingdom
379,CUST2137,SKU864,Gaming Headset,6,328.42,2023-07-11,Australia
380,CUST5573,SKU643,Phone Charger,3,325.15,2023-12-26,Sweden
381,CUST6753,SKU320,Wireless Mouse,5,161.98,2023-02-24,Sweden
382,CUST9346,SKU485,Desk Lamp,1,224.37,2023-01-24,France
383,CUST7548,SKU529,Cooling Pad,5,477.18,2023-03-26,Switzerland
384,CUST9785,SKU564,Mouse Pad,2,126.93,2023-09-10,France
385,CUST6425,SKU449,Wireless Mouse,6,129.8,2023-03-13,EIRE
386,CUST1452,SKU261,Cooling Pad,8,463.07,2023-07-29,Germany
387,CUST2889,SKU478,Gaming Headset,5,66.83,2023-02-24,Netherlands
388,CUST5279,SKU419,USB Hub,8,310.03,2023-05-11,EIRE
389,CUST3925,SKU838,Phone Charger,4,36.96,2023-11-09,EIRE
390,CUST5349,SKU432,USB Hub,4,336.38,2023-04-11,United Kingdom
391,CUST1626,SKU895,Gaming Headset,9,332.45,2023-04-07,Japan
392,CUST2776,SKU681,Bluetooth Speaker,5,96.07,2023-03-03,Japan
393,CUST8119,SKU710,Bluetooth Speaker,9,16.21,2023-07-21,France
394,CUST6663,SKU186,Bluetooth Speaker,5,77.23,2023-04-21,Japan
395,CUST6139,SKU153,Phone Charger,3,15.56,2023-08-23,Japan
396,CUST8149,SKU259,Cooling Pad,2,253.24,2023-04-08,Japan
397,CUST9379,SKU261,Laptop Stand,10,179.89,2023-06-23,Germany
398,CUST2894,SKU872,Gaming Headset,10,263.44,2023-02-25,Japan
399,CUST7311,SKU732,Mechanical Keyboard,4,413.03,2023-08-01,Germany
400,CUST4114,SKU150,Desk Lamp,4,137.03,2023-01-24,Germany
401,CUST5173,SKU790,Bluetooth Speaker,1,192.22,2023-11-21,United Kingdom
402,CUST1727,SKU183,Mouse Pad,9,377.39,2023-12-11,Australia
403,CUST8144,SKU378,Laptop Stand,4,438.0,2023-10-29,Netherlands
404,CUST1027,SKU553,Webcam HD,4,369.14,2023-03-05,Switzerland
405,CUST9518,SKU777,Monitor 24 inch,1,67.85,2023-08-19,EIRE
406,CUST9821,SKU534,Desk Lamp,2,450.95,2023-08-23,Spain
407,CUST4228,SKU597,Phone Charger,7,174.16,2023-12-04,Japan
408,CUST6967,SKU721,Mechanical Keyboard,6,220.37,2023-10-29,Switzerland
409,CUST8066,SKU552,Wireless Mouse,8,266.69,2023-09-16,Australia
410,CUST2146,SKU524,Mouse Pad,2,138.85,2023-03-10,EIRE
411,CUST6409,SKU379,Desk Lamp,3,487.77,2023-09-13,Sweden
412,CUST6143,SKU320,Webcam HD,1,317.49,2023-01-03,Switzerland
413,CUST3041,SKU873,Gaming Headset,9,253.11,2023-09-29,Switzerland
414,CUST5920,SKU624,Mouse Pad,3,260.28,2023-01-25,EIRE
415,CUST9308,SKU216,Wireless Mouse,7,37.17,2023-10-11,EIRE
416,CUST6067,SKU453,Mouse Pad,8,431.09,2023-08-10,Germany
417,CUST7691,SKU540,USB Hub,8,91.77,2023-10-27,Germany
418,CUST6344,SKU213,Webcam HD,4,87.08,2023-09-05,United Kingdom
419,CUST7592,SKU390,Cooling Pad,5,388.93,2023-09-18,Sweden
420,CUST5844,SKU794,HDMI Cable,6,448.19,2023-04-01,United Kingdom
421,CUST3085,SKU794,Desk Lamp,5,340.32,2023-12-21,France
422,CUST4143,SKU707,Mechanical Keyboard,1,66.51,2023-10-24,Sweden
423,CUST7888,SKU598,Gaming Headset,2,372.98,2023-03-30,Germany
424,CUST7211,SKU639,USB-C Cable,10,11.26,2023-03-07,Germany
425,CUST3851,SKU783,Screen Protector,4,430.76,2023-02-23,Germany
426,CUST5930,SKU415,Mouse Pad,9,16.02,2023-07-18,Netherlands
427,CUST7653,SKU146,Gaming Headset,1,32.53,2023-12-03,EIRE
428,CUST9977,SKU325,USB Hub,3,188.35,2023-11-04,Switzerland
429,CUST1006,SKU504,Screen Protector,7,460.91,2023-11-07,Japan
430,CUST5978,SKU713,Wireless Mouse,3,97.69,2023-06-14,Switzerland
431,CUST5700,SKU156,Wireless Mouse,1,480.57,2023-09-16,Australia
432,CUST4443,SKU107,HDMI Cable,7,27.33,2023-07-16,Switzerland
433,CUST8043,SKU309,Monitor 24 inch,8,403.53,2023-08-03,Germany
434,CUST6279,SKU408,Webcam HD,3,359.87,2023-11-08,Sweden
435,CUST8618,SKU316,Phone Charger,5,331.29,2023-12-21,Sweden
436,CUST8238,SKU885,USB-C Cable,1,120.01,2023-05-08,United Kingdom
437,CUST8244,SKU240,USB Hub,1,131.65,2023-05-21,Japan
438,CUST4501,SKU882,USB Hub,5,458.77,2023-07-23,Sweden
439,CUST9375,SKU361,Phone Charger,10,166.77,2023-06-25,Australia
440,CUST8752,SKU396,Cooling Pad,10,414.74,2023-05-31,Sweden
441,CUST3780,SKU435,Laptop Stand,2,290.05,2023-08-20,Japan
442,CUST2389,SKU222,Mechanical Keyboard,6,68.51,2023-03-10,Japan
443,CUST5649,SKU107,Mouse Pad,5,339.93,2023-03-12,Japan
444,CUST9445,SKU609,Laptop Stand,8,35.81,2023-07-31,Spain
445,CUST6491,SKU864,Monitor 24 inch,9,119.36,2023-11-05,Spain
446,CUST2530,SKU540,Laptop Stand,9,262.73,2023-12-25,United Kingdom
447,CUST4848,SKU279,Gaming Headset,8,32.51,2023-09-20,Spain
448,CUST6085,SKU232,Phone Charger,3,206.45,2023-06-03,Netherlands
449,CUST4680,SKU489,USB Hub,9,439.73,2023-12-26,Switzerland
450,CUST4262,SKU645,USB Hub,8,434.36,2023-10-08,Switzerland
451,CUST3414,SKU820,Mechanical Keyboard,5,389.03,2023-06-10,United Kingdom
452,CUST1400,SKU335,Gaming Headset,4,162.24,2023-12-31,Germany
453,CUST1757,SKU612,Webcam HD,2,52.33,2023-10-11,Spain
454,CUST5011,SKU672,Monitor 24 inch,6,233.81,2023-11-20,Spain
455,CUST8784,SKU953,Webcam HD,3,190.77,2023-04-22,Sweden
456,CUST2193,SKU784,Screen Protector,8,152.88,2023-04-13,United Kingdom
457,CUST8461,SKU925,Desk Lamp,5,394.41,2023-04-18,Spain
458,CUST7790,SKU462,USB Hub,3,372.39,2023-11-16,Sweden
459,CUST4185,SKU173,USB Hub,1,128.87,2024-01-01,Spain
460,CUST7291,SKU506,Cooling Pad,6,190.45,2023-05-29,United Kingdom
461,CUST9099,SKU982,Webcam HD,5,486.21,2023-12-18,Germany
462,CUST7547,SKU859,Laptop Stand,10,498.92,2023-06-26,France
463,CUST4997,SKU143,Gaming Headset,4,390.18,2023-12-11,Switzerland
464,CUST3417,SKU546,Mechanical Keyboard,3,368.91,2023-03-09,Sweden
465,CUST1090,SKU119,Phone Charger,10,277.81,2023-12-30,France
466,CUST2746,SKU570,Mechanical Keyboard,7,400.03,2023-11-29,France
467,CUST7965,SKU179,Phone Charger,7,83.78,2023-04-02,Switzerland
468,CUST4585,SKU982,HDMI Cable,9,466.87,2023-09-15,EIRE
469,CUST3881,SKU420,Monitor 24 inch,6,21.72,2023-10-05,Sweden
470,CUST9486,SKU689,Cooling Pad,2,275.36,2023-12-22,France
471,CUST8611,SKU539,USB-C Cable,7,321.61,2023-11-23,Japan
472,CUST1822,SKU687,Screen Protector,2,349.8,2023-06-15,United Kingdom
473,CUST5082,SKU514,Laptop Stand,3,14.7,2023-12-30,Spain
474,CUST2988,SKU826,Desk Lamp,3,174.16,2023-03-01,EIRE
475,CUST8478,SKU755,Monitor 24 inch,8,381.88,2023-06-30,Switzerland
476,CUST3184,SKU527,Mouse Pad,6,194.37,2023-10-15,Switzerland
477,CUST8612,SKU396,Webcam HD,4,371.66,2023-09-03,Netherlands
478,CUST9702,SKU217,Cooling Pad,1,160.68,2023-10-26,Spain
479,CUST6198,SKU514,Webcam HD,5,110.55,2023-10-20,Netherlands
480,CUST8251,SKU121,Monitor 24 inch,7,491.73,2023-12-08,EIRE
481,CUST9270,SKU432,Mechanical Keyboard,4,215.71,2023-12-30,Japan
482,CUST7991,SKU275,Desk Lamp,8,480.98,2023-08-02,Spain
483,CUST9976,SKU920,Screen Protector,5,486.55,2023-12-12,EIRE
484,CUST8305,SKU732,Mechanical Keyboard,6,79.76,2023-10-01,Sweden
485,CUST3607,SKU571,Gaming Headset,5,147.11,2023-05-27,Sweden
486,CUST8777,SKU951,Desk Lamp,10,31.51,2023-08-05,Australia
487,CUST8373,SKU806,Wireless Mouse,10,123.42,2023-01-07,Switzerland
488,CUST5246,SKU470,Mechanical Keyboard,1,424.3,2023-09-25,United Kingdom
489,CUST5050,SKU190,Webcam HD,5,212.4,2023-02-24,EIRE
490,CUST5543,SKU547,Gaming Headset,6,448.83,2023-01-13,Switzerland
491,CUST9540,SKU964,Mechanical Keyboard,4,234.64,2023-07-15,Japan
492,CUST8939,SKU208,Bluetooth Speaker,1,376.47,2023-03-16,Germany
493,CUST4919,SKU349,Cooling Pad,2,294.58,2023-01-28,Switzerland
494,CUST5499,SKU546,HDMI Cable,8,257.66,2023-12-10,Netherlands
495,CUST8206,SKU703,Mouse Pad,5,322.24,2023-01-29,France
496,CUST2269,SKU510,Mouse Pad,3,203.23,2023-04-13,Australia
497,CUST5681,SKU636,Screen Protector,7,300.03,2023-05-17,EIRE
498,CUST4841,SKU180,USB Hub,9,40.52,2023-03-24,Netherlands
499,CUST5451,SKU505,Desk Lamp,5,334.6,2023-05-27,Netherlands
500,CUST6502,SKU991,Gaming Headset,2,74.05,2023-12-16,Netherlands
501,CUST6238,SKU417,Laptop Stand,5,152.92,2023-05-09,Switzerland
502,CUST9849,SKU863,Laptop Stand,6,426.95,2023-03-16,Australia
503,CUST2320,SKU447,Mouse Pad,10,463.76,2023-02-01,Netherlands
504,CUST3267,SKU326,Cooling Pad,4,202.55,2023-12-20,Spain
505,CUST3471,SKU441,Phone Charger,4,417.63,2023-06-01,Sweden
506,CUST4788,SKU897,Wireless Mouse,3,169.86,2023-04-15,Spain
507,CUST7275,SKU272,Webcam HD,8,231.85,2023-10-05,Japan
508,CUST3503,SKU178,USB-C Cable,3,124.47,2023-01-17,EIRE
509,CUST4505,SKU622,Screen Protector,8,472.34,2023-07-03,Sweden
510,CUST2052,SKU748,Mechanical Keyboard,10,76.69,2023-08-20,Spain
511,CUST7797,SKU216,Wireless Mouse,6,387.37,2023-02-22,Sweden
512,CUST7678,SKU643,Monitor 24 inch,7,63.4,2023-11-12,United Kingdom
513,CUST6421,SKU622,Cooling Pad,9,61.77,2023-12-12,EIRE
514,CUST9890,SKU298,Laptop Stand,8,230.29,2023-10-15,Australia
515,CUST8633,SKU894,Gaming Headset,9,163.88,2023-04-25,Japan
516,CUST7812,SKU457,Cooling Pad,4,69.16,2023-11-28,EIRE
517,CUST2020,SKU459,HDMI Cable,4,185.56,2023-10-15,EIRE
518,CUST4388,SKU844,USB-C Cable,10,387.47,2023-07-19,EIRE
519,CUST7883,SKU938,Gaming Headset,2,231.44,2023-05-02,EIRE
520,CUST7381,SKU760,Screen Protector,9,237.04,2023-09-19,United Kingdom
521,CUST1320,SKU934,USB Hub,8,427.72,2023-12-23,Sweden
522,CUST7232,SKU251,Laptop Stand,9,54.31,2023-05-28,France
523,CUST8814,SKU341,USB Hub,6,405.72,2023-12-21,France
524,CUST1096,SKU205,USB Hub,2,159.07,2023-12-07,Switzerland
525,CUST6763,SKU249,Mouse Pad,10,355.31,2023-01-25,France
526,CUST5892,SKU362,Mouse Pad,2,305.62,2023-07-15,EIRE
527,CUST7389,SKU302,Bluetooth Speaker,1,115.36,2023-07-18,Netherlands
528,CUST7865,SKU277,Desk Lamp,9,429.72,2023-08-02,EIRE
529,CUST9818,SKU716,Laptop Stand,9,82.68,2023-12-17,Germany
530,CUST9947,SKU256,USB Hub,4,358.47,2023-06-10,United Kingdom
531,CUST4613,SKU878,Wireless Mouse,10,484.52,2023-10-10,Japan
532,CUST8999,SKU877,Webcam HD,9,204.16,2023-01-28,France
533,CUST4595,SKU771,USB-C Cable,3,33.99,2023-01-07,United Kingdom
534,CUST5471,SKU177,USB Hub,3,156.43,2023-05-09,Switzerland
535,CUST8140,SKU281,Cooling Pad,6,411.84,2023-04-14,Switzerland
536,CUST8956,SKU891,HDMI Cable,9,95.2,2023-11-14,Switzerland
537,CUST1475,SKU743,Phone Charger,8,476.53,2023-08-15,Spain
538,CUST7371,SKU605,Monitor 24 inch,2,428.75,2023-04-26,United Kingdom
539,CUST6507,SKU575,Phone Charger,4,282.42,2023-11-21,Japan
540,CUST7624,SKU872,Phone Charger,10,279.56,2023-12-27,Switzerland
541,CUST3704,SKU677,HDMI Cable,8,56.42,2023-12-30,Germany
542,CUST8657,SKU878,HDMI Cable,2,59.93,2023-11-28,Germany
543,CUST3091,SKU693,Mouse Pad,9,398.97,2023-07-08,Japan
544,CUST9751,SKU559,Mechanical Keyboard,8,69.51,2023-10-29,Switzerland
545,CUST1441,SKU797,Desk Lamp,1,40.22,2023-10-07,Switzerland
546,CUST7455,SKU678,Laptop Stand,8,392.67,2023-11-05,Sweden
547,CUST1444,SKU758,USB Hub,3,118.92,2023-04-11,Switzerland
548,CUST2375,SKU750,USB Hub,9,107.09,2023-04-10,Netherlands
549,CUST8022,SKU739,HDMI Cable,7,206.29,2023-05-31,Japan
550,CUST3223,SKU430,Mouse Pad,8,346.28,2023-08-18,Japan
551,CUST8564,SKU984,Gaming Headset,10,469.41,2023-04-01,United Kingdom
552,CUST3977,SKU742,Desk Lamp,1,51.18,2023-12-16,Germany
553,CUST1823,SKU423,Screen Protector,9,297.2,2023-02-08,Spain
554,CUST5262,SKU254,Gaming Headset,8,459.54,2023-04-06,France
555,CUST7211,SKU550,Bluetooth Speaker,5,46.74,2023-03-30,Japan
556,CUST6363,SKU169,USB-C Cable,1,498.61,2023-09-21,Spain
557,CUST4467,SKU580,Webcam HD,7,106.9,2023-03-03,Germany
558,CUST8449,SKU552,Phone Charger,5,326.53,2023-07-13,United Kingdom
559,CUST6355,SKU746,Laptop Stand,1,406.56,2023-01-21,EIRE
560,CUST6529,SKU410,Gaming Headset,4,55.07,2023-08-08,EIRE
561,CUST7211,SKU915,HDMI Cable,10,425.16,2023-05-23,United Kingdom
562,CUST5558,SKU381,Mechanical Keyboard,2,406.35,2023-10-12,Australia
563,CUST7906,SKU705,Cooling Pad,1,70.04,2023-05-16,United Kingdom
564,CUST5133,SKU157,Mechanical Keyboard,7,471.72,2023-03-08,EIRE
565,CUST2341,SKU460,HDMI Cable,6,34.81,2023-03-24,United Kingdom
566,CUST8705,SKU619,Desk Lamp,2,462.82,2023-10-27,Japan
567,CUST1317,SKU175,Bluetooth Speaker,9,222.25,2023-05-11,Japan
568,CUST9837,SKU417,USB Hub,1,364.97,2023-01-03,France
569,CUST1853,SKU572,Webcam HD,2,253.1,2023-06-19,Australia
570,CUST6733,SKU562,HDMI Cable,8,197.54,2023-08-27,Netherlands
571,CUST4673,SKU138,Phone Charger,1,219.07,2023-12-30,United Kingdom
572,CUST2124,SKU158,Phone Charger,5,183.43,2023-03-21,Netherlands
573,CUST1659,SKU477,Webcam HD,7,455.07,2023-01-21,Sweden
574,CUST1508,SKU951,Cooling Pad,3,144.74,2023-03-20,EIRE
575,CUST5051,SKU393,Bluetooth Speaker,3,228.55,2023-06-15,EIRE
576,CUST4266,SKU178,USB-C Cable,7,82.83,2023-11-02,France
577,CUST1333,SKU760,USB-C Cable,6,310.91,2023-01-27,Japan
578,CUST3496,SKU984,Mechanical Keyboard,7,312.32,2023-11-17,Japan
579,CUST4908,SKU975,USB Hub,8,327.17,2023-11-12,Japan
580,CUST3068,SKU192,Monitor 24 inch,7,254.46,2023-12-05,Spain
581,CUST8758,SKU729,USB Hub,7,442.56,2023-06-04,EIRE
582,CUST2874,SKU708,USB Hub,2,244.73,2023-09-09,Switzerland
583,CUST4571,SKU619,HDMI Cable,9,52.98,2023-10-21,Japan
584,CUST8619,SKU493,Laptop Stand,3,197.68,2023-10-09,Australia
585,CUST5198,SKU573,Screen Protector,6,215.43,2023-07-03,United Kingdom
586,CUST7043,SKU694,Laptop Stand,2,324.9,2023-02-07,Netherlands
587,CUST3749,SKU667,Phone Charger,3,400.63,2023-12-29,France
588,CUST2876,SKU910,HDMI Cable,9,132.08,2023-06-12,Australia
589,CUST3683,SKU856,Webcam HD,7,497.1,2023-09-27,Australia
590,CUST6096,SKU142,Laptop Stand,9,276.39,2023-04-23,Sweden
591,CUST2771,SKU560,Bluetooth Speaker,3,19.57,2023-04-05,Netherlands
592,CUST1420,SKU929,Gaming Headset,4,197.42,2023-09-24,Sweden
593,CUST6111,SKU685,Desk Lamp,1,359.55,2023-02-04,Spain
594,CUST7149,SKU767,Cooling Pad,1,245.05,2023-09-16,Netherlands
595,CUST7498,SKU292,USB Hub,5,392.9,2023-03-23,France
596,CUST4249,SKU429,Screen Protector,8,178.58,2023-08-01,Switzerland
597,CUST2245,SKU719,Phone Charger,9,287.17,2023-10-06,EIRE
598,CUST4978,SKU587,Mouse Pad,7,167.59,2023-10-02,Netherlands
599,CUST2669,SKU613,Gaming Headset,9,142.51,2023-07-26,France
600,CUST5941,SKU254,Webcam HD,7,22.77,2023-02-17,Australia
601,CUST2983,SKU163,Mechanical Keyboard,4,302.59,2023-06-28,Spain
602,CUST1672,SKU561,Mechanical Keyboard,4,24.36,2023-04-24,Sweden
603,CUST6688,SKU205,Cooling Pad,8,407.24,2023-04-20,Spain
604,CUST9728,SKU930,Wireless Mouse,6,147.66,2023-12-06,Germany
605,CUST8018,SKU957,Mechanical Keyboard,3,406.24,2023-06-19,Germany
606,CUST7071,SKU451,Screen Protector,5,241.13,2023-06-19,Japan
607,CUST2129,SKU831,Monitor 24 inch,4,185.14,2023-07-04,United Kingdom
608,CUST9289,SKU186,HDMI Cable,2,296.15,2023-05-31,Netherlands
609,CUST6590,SKU616,Laptop Stand,1,124.05,2023-04-22,Japan
610,CUST1207,SKU761,Screen Protector,7,88.22,2023-11-13,Spain
611,CUST7882,SKU276,Screen Protector,10,131.45,2023-09-29,Netherlands
612,CUST9031,SKU140,Screen Protector,1,128.16,2023-09-01,Switzerland
613,CUST2729,SKU353,USB-C Cable,4,271.51,2023-10-15,Japan
614,CUST8102,SKU824,Monitor 24 inch,4,397.71,2023-11-29,France
615,CUST6934,SKU548,Mechanical Keyboard,2,371.16,2023-01-05,Sweden
616,CUST8532,SKU549,Webcam HD,2,384.38,2023-02-28,Japan
617,CUST3506,SKU636,USB-C Cable,10,474.42,2023-12-09,Australia
618,CUST8135,SKU635,USB-C Cable,1,292.09,2023-06-27,France
619,CUST3885,SKU724,USB-C Cable,8,491.51,2023-08-17,Spain
620,CUST9548,SKU262,Bluetooth Speaker,10,200.33,2023-05-04,Japan
621,CUST5425,SKU472,Bluetooth Speaker,1,468.25,2023-11-25,Japan
622,CUST9817,SKU481,Gaming Headset,4,495.86,2023-11-11,Australia
623,CUST8921,SKU389,Mouse Pad,1,95.12,2023-11-15,EIRE
624,CUST8616,SKU496,Wireless Mouse,7,125.91,2023-05-05,Japan
625,CUST8136,SKU518,Wireless Mouse,8,165.82,2023-01-21,Japan
626,CUST5397,SKU893,Desk Lamp,4,371.67,2023-12-16,Switzerland
627,CUST6280,SKU446,Webcam HD,9,185.8,2023-06-14,Spain
628,CUST5022,SKU795,Mouse Pad,4,299.87,2023-07-15,Switzerland
629,CUST2419,SKU712,Desk Lamp,1,354.69,2023-02-28,Switzerland
630,CUST5569,SKU153,USB-C Cable,3,182.32,2023-07-17,EIRE
631,CUST8385,SKU908,USB-C Cable,9,288.15,2023-05-12,Japan
632,CUST4995,SKU746,Laptop Stand,5,79.63,2023-10-04,Germany
633,CUST8613,SKU762,Phone Charger,4,474.7,2023-05-25,France
634,CUST7209,SKU442,Mechanical Keyboard,10,419.98,2023-01-13,Germany
635,CUST6511,SKU167,USB-C Cable,6,407.1,2023-09-22,United Kingdom
636,CUST1470,SKU437,HDMI Cable,10,485.49,2023-07-11,Netherlands
637,CUST9098,SKU196,Bluetooth Speaker,10,275.64,2023-09-21,United Kingdom
638,CUST6325,SKU671,Bluetooth Speaker,6,96.02,2023-09-18,Switzerland
639,CUST3979,SKU794,Webcam HD,4,28.6,2023-08-17,Netherlands
640,CUST8988,SKU495,Laptop Stand,5,37.52,2023-09-07,Germany
641,CUST4475,SKU390,Monitor 24 inch,3,304.81,2023-01-23,Japan
642,CUST6813,SKU358,Monitor 24 inch,9,19.76,2023-06-01,Sweden
643,CUST5232,SKU841,Screen Protector,4,244.21,2023-11-30,Sweden
644,CUST6576,SKU972,Laptop Stand,7,172.55,2023-04-09,United Kingdom
645,CUST5581,SKU772,Gaming Headset,5,310.93,2023-06-14,Australia
646,CUST5526,SKU717,HDMI Cable,5,405.16,2023-09-21,Australia
647,CUST1166,SKU994,Mechanical Keyboard,1,176.97,2023-02-12,Spain
648,CUST9464,SKU253,Mechanical Keyboard,9,96.96,2023-02-19,Germany
649,CUST4130,SKU441,Mouse Pad,10,403.19,2023-03-27,United Kingdom
650,CUST2402,SKU183,Cooling Pad,3,435.43,2023-10-03,Germany
651,CUST4954,SKU696,Mechanical Keyboard,7,39.18,2023-10-01,France
652,CUST7658,SKU779,Wireless Mouse,9,82.38,2023-01-04,France
653,CUST9004,SKU244,Wireless Mouse,8,355.3,2023-11-17,Netherlands
654,CUST4937,SKU458,HDMI Cable,1,79.41,2023-02-03,France
655,CUST8800,SKU417,USB Hub,6,64.35,2023-04-18,France
656,CUST9041,SKU771,Cooling Pad,7,267.88,2023-12-10,Spain
657,CUST8342,SKU815,Bluetooth Speaker,9,188.8,2023-11-19,Spain
658,CUST1282,SKU778,USB Hub,6,45.54,2023-04-20,Australia
659,CUST2524,SKU501,Cooling Pad,7,355.22,2023-12-17,United Kingdom
660,CUST5820,SKU232,Gaming Headset,7,334.45,2023-08-06,Netherlands
661,CUST4630,SKU709,Gaming Headset,3,297.15,2023-02-23,Australia
662,CUST7625,SKU825,Cooling Pad,5,174.91,2023-04-16,Australia
663,CUST4986,SKU186,Mouse Pad,7,168.08,2023-10-03,Sweden
664,CUST6016,SKU417,Bluetooth Speaker,3,488.17,2023-12-26,Japan
665,CUST7046,SKU672,Laptop Stand,9,368.85,2023-08-11,Japan
666,CUST8753,SKU485,Mouse Pad,8,224.07,2023-11-28,United Kingdom
667,CUST9698,SKU758,Gaming Headset,4,323.24,2023-02-06,EIRE
668,CUST6632,SKU910,Mechanical Keyboard,4,248.73,2023-12-18,Germany
669,CUST7971,SKU436,Screen Protector,5,165.47,2023-03-20,Australia
670,CUST6419,SKU932,Mouse Pad,3,356.52,2023-01-13,Australia
671,CUST6764,SKU230,Mechanical Keyboard,8,285.37,2023-08-24,Switzerland
672,CUST8434,SKU786,Phone Charger,1,445.9,2023-06-19,Switzerland
673,CUST5438,SKU819,Phone Charger,9,310.72,2023-01-20,United Kingdom
674,CUST6023,SKU948,Gaming Headset,7,184.84,2023-02-14,EIRE
675,CUST5118,SKU856,HDMI Cable,7,336.11,2023-02-07,Switzerland
676,CUST4777,SKU801,Screen Protector,9,409.08,2023-01-28,EIRE
677,CUST2976,SKU639,HDMI Cable,9,195.41,2023-04-02,Switzerland
678,CUST4155,SKU195,Bluetooth Speaker,3,369.66,2023-05-09,Spain
679,CUST6169,SKU761,Phone Charger,7,154.31,2023-10-13,Australia
680,CUST2958,SKU786,Webcam HD,4,97.08,2023-02-06,Switzerland
681,CUST9779,SKU533,Mouse Pad,5,10.88,2023-10-22,Sweden
682,CUST4033,SKU620,HDMI Cable,4,353.98,2023-04-27,United Kingdom
683,CUST4138,SKU470,HDMI Cable,6,290.69,2023-05-13,Spain
684,CUST4545,SKU118,Mouse Pad,2,426.87,2023-07-28,France
685,CUST8933,SKU471,Laptop Stand,8,387.71,2023-07-18,Japan
686,CUST5530,SKU416,Bluetooth Speaker,6,288.07,2023-08-19,Australia
687,CUST9595,SKU284,USB Hub,2,99.22,2023-11-19,Spain
688,CUST5636,SKU319,Gaming Headset,9,165.93,2023-07-27,Spain
689,CUST2647,SKU449,Mouse Pad,4,406.32,2023-08-10,United Kingdom
690,CUST4180,SKU884,Monitor 24 inch,1,309.58,2023-06-11,Germany
691,CUST5853,SKU597,Desk Lamp,5,323.43,2023-01-09,Japan
692,CUST4727,SKU296,USB-C Cable,7,61.01,2023-07-19,Australia
693,CUST6912,SKU331,Gaming Headset,10,253.13,2023-12-11,Australia
694,CUST3939,SKU240,Laptop Stand,10,172.27,2023-03-02,Netherlands
695,CUST5952,SKU258,USB Hub,1,48.13,2023-10-01,EIRE
696,CUST1231,SKU179,Webcam HD,2,179.94,2023-01-04,France
697,CUST9751,SKU402,Laptop Stand,4,166.56,2023-11-25,United Kingdom
698,CUST3073,SKU964,Mechanical Keyboard,10,321.73,2023-11-13,Australia
699,CUST5494,SKU907,Laptop Stand,9,481.91,2023-02-02,Sweden
700,CUST1745,SKU203,Wireless Mouse,4,412.61,2023-10-27,Spain
701,CUST1893,SKU619,Wireless Mouse,8,338.31,2023-01-24,EIRE
702,CUST5786,SKU889,Mouse Pad,4,367.35,2023-12-25,Japan
703,CUST3068,SKU652,Cooling Pad,6,174.52,2023-02-07,Japan
704,CUST9042,SKU955,Desk Lamp,5,15.58,2023-07-03,Sweden
705,CUST2680,SKU856,Cooling Pad,1,112.75,2023-09-15,EIRE
706,CUST1200,SKU639,Mechanical Keyboard,4,349.66,2023-02-24,Japan
707,CUST5658,SKU138,USB Hub,4,181.74,2023-05-29,Netherlands
708,CUST8690,SKU777,Laptop Stand,2,395.64,2023-12-18,France
709,CUST8843,SKU444,Gaming Headset,8,363.0,2023-06-04,Australia
710,CUST8216,SKU997,Mouse Pad,4,33.59,2023-11-07,United Kingdom
711,CUST6582,SKU884,Wireless Mouse,10,224.73,2023-02-14,France
712,CUST4020,SKU732,Screen Protector,4,215.63,2023-05-25,Sweden
713,CUST1841,SKU234,Bluetooth Speaker,7,91.51,2023-08-13,Netherlands
714,CUST5136,SKU711,Gaming Headset,4,212.87,2023-07-15,Switzerland
715,CUST8827,SKU485,Desk Lamp,9,442.07,2023-07-22,Germany
716,CUST2869,SKU257,Gaming Headset,6,182.1,2023-12-05,Australia
717,CUST2070,SKU266,Laptop Stand,5,193.92,2023-01-16,Switzerland
718,CUST7565,SKU285,Wireless Mouse,7,416.12,2023-08-31,France
719,CUST9056,SKU951,Desk Lamp,8,396.48,2023-03-22,Germany
720,CUST2213,SKU809,Webcam HD,9,293.25,2023-10-01,Spain
721,CUST1878,SKU889,Desk Lamp,6,381.54,2023-04-23,France
722,CUST3485,SKU739,Laptop Stand,5,120.54,2023-03-11,EIRE
723,CUST3444,SKU928,Phone Charger,5,231.13,2023-07-20,Netherlands
724,CUST5978,SKU269,Monitor 24 inch,6,401.61,2023-10-07,Australia
725,CUST2395,SKU838,Desk Lamp,9,26.37,2023-06-01,United Kingdom
726,CUST5066,SKU548,Wireless Mouse,8,19.84,2023-11-21,Germany
727,CUST2940,SKU144,Mouse Pad,8,137.95,2023-03-15,Netherlands
728,CUST7818,SKU520,USB Hub,2,61.32,2023-06-02,Switzerland
729,CUST4697,SKU473,Monitor 24 inch,8,177.49,2023-12-13,Spain
730,CUST9561,SKU792,Webcam HD,6,445.09,2023-11-28,United Kingdom
731,CUST7232,SKU836,Bluetooth Speaker,4,88.84,2023-07-11,Switzerland
732,CUST8381,SKU343,Mouse Pad,6,46.75,2023-01-06,Spain
733,CUST8253,SKU554,Webcam HD,6,471.5,2023-10-11,EIRE
734,CUST5871,SKU725,Webcam HD,7,489.24,2023-10-12,Germany
735,CUST8025,SKU391,Monitor 24 inch,1,175.6,2023-03-14,Australia
736,CUST6003,SKU870,Mechanical Keyboard,10,492.79,2023-03-05,Switzerland
737,CUST1986,SKU866,Screen Protector,4,447.68,2023-01-22,Spain
738,CUST2625,SKU902,Screen Protector,3,355.21,2023-01-03,France
739,CUST4404,SKU559,HDMI Cable,1,221.35,2023-10-21,Australia
740,CUST4457,SKU339,Webcam HD,5,330.28,2023-11-02,EIRE
741,CUST5335,SKU646,Cooling Pad,9,307.59,2023-07-21,Netherlands
742,CUST2330,SKU344,Webcam HD,10,222.76,2023-10-03,Spain
743,CUST3573,SKU416,Monitor 24 inch,10,36.24,2023-10-08,EIRE
744,CUST4929,SKU928,Laptop Stand,7,172.24,2023-02-13,Germany
745,CUST3847,SKU903,USB-C Cable,5,487.46,2023-06-06,United Kingdom
746,CUST2229,SKU580,Webcam HD,3,210.55,2023-04-18,Switzerland
747,CUST3564,SKU955,HDMI Cable,4,281.52,2023-06-26,Sweden
748,CUST1043,SKU298,Monitor 24 inch,6,463.53,2023-04-19,Spain
749,CUST7693,SKU476,Mouse Pad,4,274.66,2023-07-31,Netherlands
750,CUST8381,SKU794,Desk Lamp,7,333.69,2023-11-27,United Kingdom
751,CUST8699,SKU684,Desk Lamp,10,155.73,2023-09-20,France
752,CUST5771,SKU551,Bluetooth Speaker,4,57.0,2023-03-14,United Kingdom
753,CUST1534,SKU572,Phone Charger,8,202.52,2023-03-24,Japan
754,CUST4792,SKU887,Desk Lamp,9,279.33,2023-04-05,Netherlands
755,CUST5720,SKU388,Screen Protector,6,250.56,2023-04-24,Australia
756,CUST5632,SKU896,HDMI Cable,5,36.71,2023-11-12,Switzerland
757,CUST8438,SKU491,Laptop Stand,8,11.87,2023-05-10,United Kingdom
758,CUST2166,SKU614,Laptop Stand,8,52.94,2023-04-10,Netherlands
759,CUST4824,SKU640,HDMI Cable,8,413.71,2023-02-28,Spain
760,CUST5334,SKU528,Screen Protector,3,316.29,2023-04-03,France
761,CUST4241,SKU265,Mouse Pad,6,245.36,2023-12-10,United Kingdom
762,CUST7965,SKU936,Desk Lamp,3,57.52,2023-10-18,Japan
763,CUST2880,SKU304,Laptop Stand,3,111.41,2023-01-28,France
764,CUST9922,SKU920,Webcam HD,9,322.71,2023-10-09,Germany
765,CUST4683,SKU719,Monitor 24 inch,8,488.76,2023-08-25,Australia
766,CUST3441,SKU241,Cooling Pad,3,242.05,2023-11-27,Germany
767,CUST5352,SKU993,USB-C Cable,9,66.6,2023-10-09,Germany
768,CUST3330,SKU356,Mechanical Keyboard,1,394.59,2023-02-07,France
769,CUST2169,SKU153,Mechanical Keyboard,9,240.76,2023-05-29,France
770,CUST1977,SKU756,Laptop Stand,1,448.49,2023-12-10,Spain
771,CUST3718,SKU592,USB-C Cable,2,139.85,2023-02-04,Australia
772,CUST6039,SKU995,HDMI Cable,1,324.51,2023-05-09,Switzerland
773,CUST5728,SKU480,Gaming Headset,1,199.89,2023-02-20,Netherlands
774,CUST8195,SKU667,Phone Charger,7,191.8,2023-04-12,France
775,CUST3037,SKU205,Gaming Headset,3,196.91,2023-10-25,EIRE
776,CUST8679,SKU828,Laptop Stand,4,101.43,2023-09-07,EIRE
777,CUST5982,SKU966,Screen Protector,2,31.86,2023-06-19,France
778,CUST7594,SKU628,Phone Charger,3,225.47,2023-07-02,Netherlands
779,CUST5460,SKU971,Gaming Headset,1,139.07,2023-03-07,United Kingdom
780,CUST9199,SKU227,Monitor 24 inch,4,420.17,2023-12-10,Japan
781,CUST9847,SKU391,USB Hub,9,286.48,2023-12-02,Spain
782,CUST9090,SKU185,Wireless Mouse,8,84.05,2023-05-01,Spain
783,CUST8172,SKU881,Mechanical Keyboard,6,351.27,2023-02-21,Netherlands
784,CUST2317,SKU264,Wireless Mouse,1,57.38,2023-05-26,Germany
785,CUST1653,SKU379,Mouse Pad,10,337.39,2023-11-14,Spain
786,CUST8078,SKU560,Wireless Mouse,10,406.01,2023-02-05,Australia
787,CUST6280,SKU625,Mechanical Keyboard,8,212.85,2023-04-10,Spain
788,CUST5102,SKU250,USB-C Cable,8,380.66,2023-06-12,Australia
789,CUST1423,SKU950,Laptop Stand,1,121.48,2023-09-06,France
790,CUST2496,SKU547,Laptop Stand,1,39.88,2023-08-19,EIRE
791,CUST4750,SKU193,Mechanical Keyboard,9,199.68,2023-06-18,France
792,CUST1339,SKU327,Screen Protector,9,266.07,2023-11-12,Japan
793,CUST5415,SKU936,Gaming Headset,7,483.16,2023-12-04,Germany
794,CUST1659,SKU561,Screen Protector,1,346.66,2023-06-06,EIRE
795,CUST3870,SKU457,Wireless Mouse,1,468.82,2023-12-22,Netherlands
796,CUST8708,SKU127,Monitor 24 inch,9,290.63,2023-10-27,France
797,CUST9502,SKU524,USB-C Cable,5,125.46,2023-03-20,Japan
798,CUST8245,SKU154,Mechanical Keyboard,9,156.44,2023-10-17,Australia
799,CUST5557,SKU505,Wireless Mouse,5,203.45,2023-10-18,Spain
800,CUST3973,SKU614,Gaming Headset,1,428.43,2023-07-06,Switzerland
801,CUST8141,SKU482,Monitor 24 inch,9,27.02,2023-06-11,United Kingdom
802,CUST9056,SKU341,USB Hub,7,289.9,2023-08-08,EIRE
803,CUST2494,SKU495,Webcam HD,3,263.24,2023-03-28,United Kingdom
804,CUST8700,SKU183,Laptop Stand,2,290.03,2023-01-03,Switzerland
805,CUST6700,SKU483,Desk Lamp,2,491.55,2023-06-10,United Kingdom
806,CUST7690,SKU329,Desk Lamp,9,82.25,2023-05-07,Netherlands
807,CUST6460,SKU128,Gaming Headset,3,475.13,2023-04-24,Sweden
808,CUST6260,SKU426,USB Hub,4,230.03,2023-12-31,United Kingdom
809,CUST2713,SKU201,Gaming Headset,4,475.04,2023-11-25,Netherlands
810,CUST3634,SKU959,Screen Protector,10,91.91,2023-08-12,Sweden
811,CUST6403,SKU831,Desk Lamp,9,113.83,2023-05-22,Sweden
812,CUST7744,SKU765,Wireless Mouse,5,104.44,2023-07-04,EIRE
813,CUST9117,SKU443,USB Hub,6,30.91,2023-03-10,Japan
814,CUST5722,SKU910,USB-C Cable,5,48.4,2023-12-14,Japan
815,CUST7561,SKU249,Cooling Pad,7,344.73,2023-06-19,Switzerland
816,CUST1601,SKU240,Desk Lamp,2,108.94,2023-09-03,Japan
817,CUST8451,SKU139,Mechanical Keyboard,6,413.06,2023-08-25,Australia
818,CUST2442,SKU393,Wireless Mouse,7,82.46,2023-08-17,France
819,CUST6153,SKU949,Laptop Stand,8,301.57,2023-07-03,Australia
820,CUST5135,SKU583,Desk Lamp,10,166.68,2023-06-06,Germany
821,CUST6296,SKU812,Webcam HD,4,366.28,2023-09-07,Spain
822,CUST2899,SKU951,USB-C Cable,4,405.6,2023-10-10,Netherlands
823,CUST7622,SKU242,Mouse Pad,5,52.64,2023-02-25,Switzerland
824,CUST9431,SKU877,Gaming Headset,2,282.62,2023-03-31,Japan
825,CUST1018,SKU822,Mechanical Keyboard,1,280.51,2023-11-27,EIRE
826,CUST9889,SKU580,Monitor 24 inch,2,429.75,2023-11-07,Netherlands
827,CUST8569,SKU559,Bluetooth Speaker,7,264.65,2023-02-11,Switzerland
828,CUST7770,SKU730,Cooling Pad,7,459.41,2023-05-24,Netherlands
829,CUST1888,SKU105,Laptop Stand,7,16.06,2023-03-13,Switzerland
830,CUST4073,SKU181,Cooling Pad,9,353.2,2023-10-03,France
831,CUST9494,SKU119,Webcam HD,8,297.91,2023-04-11,Switzerland
832,CUST6927,SKU362,Cooling Pad,1,393.03,2023-05-15,Switzerland
833,CUST9167,SKU320,Wireless Mouse,1,65.13,2023-11-17,Germany
834,CUST8242,SKU955,USB-C Cable,3,83.32,2023-02-09,Germany
835,CUST1845,SKU253,Desk Lamp,2,287.63,2023-02-08,EIRE
836,CUST4335,SKU661,Screen Protector,8,295.51,2023-01-10,Japan
837,CUST5375,SKU844,Monitor 24 inch,7,482.77,2023-09-17,France
838,CUST9998,SKU723,Webcam HD,6,59.1,2023-11-20,Australia
839,CUST3146,SKU640,Desk Lamp,10,61.76,2023-01-16,Sweden
840,CUST5719,SKU533,Gaming Headset,2,391.98,2023-10-25,EIRE
841,CUST8178,SKU213,Monitor 24 inch,9,395.02,2023-10-24,Australia
842,CUST8941,SKU894,Screen Protector,1,435.06,2023-07-27,Australia
843,CUST2989,SKU395,Wireless Mouse,4,441.27,2023-10-30,Switzerland
844,CUST1472,SKU343,Monitor 24 inch,4,440.17,2023-04-19,Switzerland
845,CUST4920,SKU408,Gaming Headset,10,139.43,2023-01-19,United Kingdom
846,CUST3594,SKU224,Screen Protector,8,330.85,2023-10-10,Netherlands
847,CUST6091,SKU148,Desk Lamp,5,290.29,2023-05-14,Switzerland
848,CUST1224,SKU344,USB-C Cable,1,241.79,2023-10-06,Netherlands
849,CUST7684,SKU529,Mouse Pad,2,94.38,2023-10-04,Australia
850,CUST2527,SKU754,HDMI Cable,5,207.46,2023-08-30,Switzerland
851,CUST4681,SKU912,Monitor 24 inch,9,312.94,2023-12-01,Switzerland
852,CUST2858,SKU737,Gaming Headset,10,343.6,2023-03-18,EIRE
853,CUST8560,SKU568,Webcam HD,1,206.84,2023-07-07,France
854,CUST2924,SKU164,HDMI Cable,3,203.94,2023-07-20,Australia
855,CUST3522,SKU213,Laptop Stand,6,440.69,2023-04-25,Japan
856,CUST9165,SKU956,Bluetooth Speaker,1,348.35,2023-10-29,Japan
857,CUST5781,SKU611,USB Hub,4,34.15,2023-05-29,EIRE
858,CUST9337,SKU711,Mechanical Keyboard,10,242.86,2023-03-10,Spain
859,CUST5479,SKU648,HDMI Cable,3,141.61,2023-08-26,Netherlands
860,CUST7807,SKU116,Screen Protector,7,192.5,2023-09-14,Sweden
861,CUST8905,SKU747,Wireless Mouse,2,175.55,2023-09-19,Netherlands
862,CUST8736,SKU627,Screen Protector,5,398.89,2023-02-16,Australia
863,CUST4993,SKU688,Bluetooth Speaker,3,162.37,2023-07-23,Spain
864,CUST8483,SKU347,Mouse Pad,10,422.99,2023-07-06,Netherlands
865,CUST3369,SKU835,Mouse Pad,4,430.54,2023-09-15,France
866,CUST7284,SKU247,USB-C Cable,10,345.58,2023-01-06,Spain
867,CUST4122,SKU398,Laptop Stand,7,486.52,2023-12-06,Switzerland
868,CUST9327,SKU539,Gaming Headset,9,121.7,2023-05-03,Sweden
869,CUST3236,SKU101,HDMI Cable,6,157.24,2023-11-11,Japan
870,CUST2143,SKU729,Laptop Stand,7,374.42,2023-12-17,Sweden
871,CUST5526,SKU461,Monitor 24 inch,3,389.28,2023-03-26,Germany
872,CUST7798,SKU346,USB Hub,2,167.23,2023-09-21,Japan
873,CUST6568,SKU684,Bluetooth Speaker,9,367.11,2023-03-13,Germany
874,CUST9318,SKU526,Wireless Mouse,6,306.44,2023-08-17,Spain
875,CUST5377,SKU291,Cooling Pad,1,53.75,2023-03-23,EIRE
876,CUST1042,SKU780,HDMI Cable,2,226.44,2023-04-02,Switzerland
877,CUST5634,SKU784,Monitor 24 inch,7,457.58,2023-10-17,Sweden
878,CUST5891,SKU187,USB-C Cable,4,209.51,2023-10-17,Netherlands
879,CUST9022,SKU636,Monitor 24 inch,2,247.39,2023-12-04,Australia
880,CUST3434,SKU469,HDMI Cable,6,263.09,2023-03-16,Germany
881,CUST8316,SKU169,Webcam HD,10,193.22,2023-09-05,Japan
882,CUST9824,SKU638,USB Hub,10,37.54,2023-07-03,Sweden
883,CUST8935,SKU657,Wireless Mouse,10,397.83,2023-01-21,Sweden
884,CUST6654,SKU619,Mechanical Keyboard,7,42.15,2023-04-23,Japan
885,CUST6446,SKU905,Desk Lamp,6,357.69,2023-09-07,Australia
886,CUST9903,SKU619,Laptop Stand,1,207.66,2023-04-29,Spain
887,CUST7180,SKU667,Phone Charger,5,392.45,2023-02-02,Germany
888,CUST8460,SKU120,USB-C Cable,8,266.9,2023-05-16,EIRE
889,CUST6272,SKU499,Webcam HD,8,288.65,2023-07-09,Netherlands
890,CUST4090,SKU994,Desk Lamp,4,95.13,2023-04-30,Japan
891,CUST4912,SKU581,Monitor 24 inch,6,438.84,2023-01-22,Switzerland
892,CUST7274,SKU144,Wireless Mouse,9,108.36,2023-12-09,Netherlands
893,CUST4826,SKU750,Wireless Mouse,7,38.24,2023-04-16,Japan
894,CUST7730,SKU496,Phone Charger,7,26.2,2023-09-23,Japan
895,CUST1715,SKU482,Desk Lamp,3,34.77,2023-07-04,Switzerland
896,CUST6213,SKU359,Screen Protector,10,186.58,2023-07-18,Australia
897,CUST8749,SKU865,Gaming Headset,7,107.56,2023-08-29,Spain
898,CUST7246,SKU116,Screen Protector,2,190.49,2023-08-21,Netherlands
899,CUST7325,SKU465,Phone Charger,10,237.47,2023-01-24,Switzerland
900,CUST3492,SKU907,Mechanical Keyboard,5,204.5,2023-01-21,EIRE
901,CUST9115,SKU169,USB Hub,4,462.31,2023-11-29,France
902,CUST1606,SKU453,Desk Lamp,2,343.78,2023-06-15,Sweden
903,CUST3068,SKU346,USB-C Cable,2,128.55,2023-02-22,Netherlands
904,CUST9229,SKU850,Monitor 24 inch,5,249.51,2023-12-27,Japan
905,CUST6439,SKU772,Mechanical Keyboard,3,228.59,2023-09-24,Netherlands
906,CUST2644,SKU743,Gaming Headset,7,480.65,2023-11-21,Japan
907,CUST8213,SKU206,USB-C Cable,3,242.55,2023-05-21,Sweden
908,CUST2633,SKU890,HDMI Cable,7,280.15,2023-05-15,Australia
909,CUST9617,SKU695,Phone Charger,6,178.68,2023-10-24,Switzerland
910,CUST8486,SKU852,USB Hub,6,420.45,2023-10-06,United Kingdom
911,CUST1251,SKU874,Bluetooth Speaker,2,136.74,2023-10-19,Netherlands
912,CUST3361,SKU440,Desk Lamp,2,417.13,2023-03-31,Germany
913,CUST7717,SKU236,HDMI Cable,1,54.29,2023-07-12,EIRE
914,CUST3529,SKU145,Wireless Mouse,5,23.45,2023-12-01,Japan
915,CUST2225,SKU460,Wireless Mouse,8,34.33,2023-07-13,United Kingdom
916,CUST8692,SKU659,USB Hub,6,428.37,2023-07-07,EIRE
917,CUST5342,SKU446,HDMI Cable,5,392.12,2023-10-28,EIRE
918,CUST6546,SKU933,Mechanical Keyboard,2,115.02,2023-12-01,Switzerland
919,CUST7512,SKU758,Screen Protector,3,118.46,2023-02-09,Spain
920,CUST2315,SKU279,Mouse Pad,2,120.3,2023-09-22,France
921,CUST6383,SKU950,Desk Lamp,3,111.3,2023-05-09,Sweden
922,CUST9742,SKU897,USB-C Cable,7,329.28,2023-07-12,Japan
923,CUST7226,SKU801,Mechanical Keyboard,8,261.51,2023-04-25,Japan
924,CUST6188,SKU575,Gaming Headset,9,433.67,2023-09-22,Switzerland
925,CUST8994,SKU812,Monitor 24 inch,9,483.9,2023-07-27,Germany
926,CUST9864,SKU590,USB Hub,9,344.28,2023-06-30,Germany
927,CUST1588,SKU746,Mouse Pad,7,242.31,2023-06-26,Australia
928,CUST2121,SKU286,Desk Lamp,2,74.83,2023-09-07,France
929,CUST4846,SKU930,HDMI Cable,1,94.87,2023-09-04,Japan
930,CUST5708,SKU238,Desk Lamp,2,402.42,2023-11-06,France
931,CUST4727,SKU164,USB Hub,6,119.65,2023-01-04,Sweden
932,CUST2480,SKU833,Desk Lamp,9,308.09,2023-09-14,Australia
933,CUST8110,SKU894,Bluetooth Speaker,2,472.07,2023-03-13,Netherlands
934,CUST2612,SKU568,Gaming Headset,10,359.24,2023-08-14,Japan
935,CUST2646,SKU137,Screen Protector,10,357.59,2023-03-26,United Kingdom
936,CUST8269,SKU400,Monitor 24 inch,6,144.94,2023-04-28,Japan
937,CUST3725,SKU306,Wireless Mouse,7,448.79,2023-02-09,Spain
938,CUST5906,SKU144,Screen Protector,1,427.28,2023-09-21,Sweden
939,CUST1474,SKU910,Webcam HD,5,234.91,2023-11-26,EIRE
940,CUST1753,SKU304,USB Hub,7,116.92,2023-05-24,France
941,CUST6314,SKU142,Screen Protector,7,158.05,2023-04-19,United Kingdom
942,CUST1919,SKU423,Mechanical Keyboard,2,265.11,2023-03-18,Australia
943,CUST5806,SKU417,Laptop Stand,9,315.57,2023-04-06,Spain
944,CUST6873,SKU627,Bluetooth Speaker,4,296.4,2023-03-22,United Kingdom
945,CUST7141,SKU507,Wireless Mouse,10,13.6,2023-07-05,United Kingdom
946,CUST8056,SKU934,Gaming Headset,9,499.72,2023-11-05,Spain
947,CUST3385,SKU656,Screen Protector,3,483.58,2023-03-02,Australia
948,CUST5000,SKU584,Gaming Headset,7,421.3,2023-12-05,Netherlands
949,CUST9702,SKU359,Mouse Pad,3,285.11,2023-04-28,France
950,CUST7751,SKU137,Laptop Stand,3,300.95,2023-08-01,United Kingdom
951,CUST3950,SKU871,Mouse Pad,5,148.51,2023-06-19,Germany
952,CUST3785,SKU762,Screen Protector,5,345.36,2023-02-28,Sweden
953,CUST3868,SKU295,Gaming Headset,5,246.05,2023-09-04,Japan
954,CUST2293,SKU392,Monitor 24 inch,8,174.78,2023-12-12,Sweden
955,CUST7267,SKU465,Phone Charger,3,145.48,2023-09-03,Australia
956,CUST4945,SKU982,Mechanical Keyboard,2,169.32,2023-09-03,Sweden
957,CUST9153,SKU899,Mouse Pad,3,145.67,2023-04-18,Sweden
958,CUST3344,SKU148,USB Hub,7,331.5,2023-10-30,Sweden
959,CUST4804,SKU986,USB Hub,5,476.57,2023-03-24,Sweden
960,CUST8555,SKU771,Screen Protector,7,329.22,2023-11-28,Spain
961,CUST5161,SKU439,Gaming Headset,5,102.3,2023-07-30,Germany
962,CUST8529,SKU379,Laptop Stand,8,263.47,2023-01-12,EIRE
963,CUST5183,SKU227,Cooling Pad,2,127.75,2023-05-05,Switzerland
964,CUST1153,SKU918,Cooling Pad,6,37.82,2023-01-23,EIRE
965,CUST8622,SKU476,Phone Charger,5,430.08,2023-03-07,Germany
966,CUST5712,SKU547,Bluetooth Speaker,4,406.91,2023-10-21,Spain
967,CUST9955,SKU509,Cooling Pad,8,208.01,2023-10-31,Sweden
968,CUST3588,SKU861,Mouse Pad,10,166.6,2023-03-24,Australia
969,CUST2210,SKU550,Mechanical Keyboard,10,78.57,2023-03-10,Sweden
970,CUST8237,SKU495,USB-C Cable,4,22.47,2023-11-19,EIRE
971,CUST6661,SKU447,Mouse Pad,8,253.71,2023-09-20,France
972,CUST5901,SKU291,Mechanical Keyboard,2,154.85,2023-01-21,EIRE
973,CUST7951,SKU608,Gaming Headset,3,454.39,2023-10-21,EIRE
974,CUST5097,SKU808,Laptop Stand,5,208.25,2023-03-17,United Kingdom
975,CUST8484,SKU609,Cooling Pad,1,371.0,2023-01-29,Netherlands
976,CUST5949,SKU476,Laptop Stand,7,295.68,2023-03-27,United Kingdom
977,CUST4263,SKU916,Mouse Pad,6,497.43,2023-05-13,EIRE
978,CUST7302,SKU631,USB Hub,10,409.85,2023-04-03,Switzerland
979,CUST8916,SKU373,Gaming Headset,7,178.15,2023-09-22,Sweden
980,CUST2747,SKU920,Wireless Mouse,6,359.55,2023-07-27,EIRE
981,CUST4886,SKU184,Desk Lamp,8,346.3,2023-11-03,Netherlands
982,CUST7248,SKU844,HDMI Cable,6,322.77,2023-10-16,EIRE
983,CUST6881,SKU534,Mouse Pad,7,243.11,2023-11-23,Sweden
984,CUST5847,SKU180,Webcam HD,10,470.93,2023-01-10,Switzerland
985,CUST5837,SKU540,Screen Protector,3,185.66,2023-12-05,Japan
986,CUST1359,SKU716,Mechanical Keyboard,5,157.1,2023-05-26,Sweden
987,CUST7484,SKU942,Bluetooth Speaker,6,93.29,2023-02-13,Japan
988,CUST5497,SKU284,Wireless Mouse,10,332.23,2023-04-21,EIRE
989,CUST1132,SKU658,Phone Charger,4,283.54,2023-08-18,Switzerland
990,CUST1803,SKU400,Cooling Pad,8,153.95,2023-11-07,Spain
991,CUST9138,SKU428,USB Hub,6,240.68,2023-08-30,Sweden
992,CUST5689,SKU205,Desk Lamp,3,373.05,2023-09-04,Spain
993,CUST4770,SKU181,Phone Charger,7,365.34,2023-03-29,Switzerland
994,CUST6772,SKU435,Monitor 24 inch,6,283.93,2023-04-23,Sweden
995,CUST4588,SKU776,USB Hub,5,457.19,2023-07-30,Australia
996,CUST4115,SKU402,Screen Protector,8,473.99,2023-11-04,Germany
997,CUST5106,SKU413,USB-C Cable,10,450.8,2023-03-15,EIRE
998,CUST3240,SKU556,HDMI Cable,4,330.67,2023-10-26,Sweden
999,CUST2591,SKU717,Mouse Pad,6,118.9,2023-04-04,Japan
1000,CUST1645,SKU834,Cooling Pad,7,119.43,2023-11-16,United Kingdom
301,CUST9666,SKU669,Desk Lamp,1,408.55,2023-11-10,Spain
